"","fitted","parameter","generating","NA","set"
"1",0.370178532184876,"k1",0.392349445813753,"X1",1
"2",0.508969962420995,"k1",0.493470686546163,"X1",1
"3",0.0239457924361343,"k1",0.0328210302760291,"X1",1
"4",0.122020734749125,"k1",0.13547564982173,"X1",1
"5",0.285079175074887,"k1",0.335058715699023,"X1",1
"6",0.454236262910156,"k1",0.513629720392963,"X1",1
"7",-0.35074793203509,"k1",-0.369507388610355,"X1",1
"8",0.0463552249777794,"k1",0.0591472758565728,"X1",1
"9",0.253255932549263,"k1",0.260987020320063,"X1",1
"10",0.228008820477218,"k1",0.216944883642573,"X1",1
"11",0.123551370024984,"k1",0.157093595415056,"X1",1
"12",-0.017324787705137,"k1",-0.0130354016884395,"X1",1
"13",-0.00107174797346143,"k1",0.00867870140114912,"X1",1
"14",0.743353797600545,"k1",0.735517955523556,"X1",1
"15",0.0277555679674586,"k1",0.0180210553355087,"X1",1
"16",0.366303149785799,"k1",0.34257935889652,"X1",1
"17",0.0845794811865447,"k1",0.0622948821592947,"X1",1
"18",0.255883895610015,"k1",0.23512166439425,"X1",1
"19",0.187166980858876,"k1",0.189528504985321,"X1",1
"20",0.0778764572420887,"k1",0.0547386783405821,"X1",2
"21",-0.0305199550289211,"k1",-0.0766196697555099,"X1",2
"22",-0.0661999504047171,"k1",-0.0841130646236529,"X1",2
"23",0.127329428563753,"k1",0.113957302202987,"X1",2
"24",0.230131932466399,"k1",0.245715930639498,"X1",2
"25",0.513387645439925,"k1",0.49319563324417,"X1",2
"26",0.230286385747524,"k1",0.17073376282601,"X1",2
"27",0.435725137638037,"k1",0.374852493997345,"X1",2
"28",0.382692632583058,"k1",0.332734500629757,"X1",2
"29",0.172565543020772,"k1",0.196336276265227,"X1",2
"30",0.0854335085782178,"k1",0.0750659789040997,"X1",2
"31",0.243125768570302,"k1",0.11304587345358,"X1",2
"32",0.163890465981881,"k1",0.112807860069327,"X1",2
"33",0.362544031316604,"k1",0.424530308305122,"X1",2
"34",0.194835052218166,"k1",0.199857864054172,"X1",2
"35",0.113797789719714,"k1",0.10030374241124,"X1",2
"36",0.320211179888928,"k1",0.295507999130012,"X1",2
"37",0.403091342497433,"k1",0.383755561059763,"X1",2
"38",0.244072740331213,"k1",0.226509091922126,"X1",2
"39",0.336022517744305,"k1",0.280500877483936,"X1",3
"40",0.139680408610571,"k1",0.147062287428211,"X1",3
"41",0.870224178657183,"k2",0.834486392717991,"X2",3
"42",0.637716204906431,"k2",0.698683861046267,"X2",3
"43",0.381849462286085,"k2",0.412312922973595,"X2",3
"44",0.284340712776225,"k2",0.264457088281657,"X2",3
"45",0.592634335114757,"k2",0.609623107482992,"X2",3
"46",0.647790391350781,"k2",0.776348945624161,"X2",3
"47",0.486079728511908,"k2",0.477969778429156,"X2",3
"48",0.591782702394854,"k2",0.599184931246547,"X2",3
"49",0.318310477133544,"k2",0.331131518309741,"X2",3
"50",0.387416640689411,"k2",0.364223055589518,"X2",3
"51",0.338274900964918,"k2",0.370456042763208,"X2",3
"52",0.579816617577156,"k2",0.56064272971349,"X2",3
"53",0.494565168424972,"k2",0.482967714405498,"X2",3
"54",0.808739863523201,"k2",0.792766386955658,"X2",3
"55",0.327222222646892,"k2",0.255854410909891,"X2",3
"56",0.344891953820941,"k2",0.338829867651271,"X2",3
"57",0.136963763967422,"k2",0.126441920191843,"X2",3
"58",0.305242496137194,"k2",0.263595105924968,"X2",4
"59",0.858025227169794,"k2",0.856915241584495,"X2",4
"60",0.546474253577484,"k2",0.573516151242622,"X2",4
"61",0.516513802878391,"k2",0.549515229046959,"X2",4
"62",0.212377512967589,"k2",0.116017702166311,"X2",4
"63",0.255833124127317,"k2",0.242677374891332,"X2",4
"64",0.29817385571706,"k2",0.296858647355684,"X2",4
"65",0.745362920914587,"k2",0.746990944882083,"X2",4
"66",0.604608660747801,"k2",0.526824689624952,"X2",4
"67",0.61308406374492,"k2",0.465679930540406,"X2",4
"68",0.534933315362246,"k2",0.497497459098337,"X2",4
"69",0.366249110803752,"k2",0.397093949194091,"X2",4
"70",0.388406403180011,"k2",0.377502190645216,"X2",4
"71",0.683291172411981,"k2",0.556419698908946,"X2",4
"72",0.653555743483786,"k2",0.576473158484377,"X2",4
"73",0.524346986193206,"k2",0.518787555178425,"X2",4
"74",0.694562140451181,"k2",0.682176025539765,"X2",4
"75",0.893593117632577,"k2",0.998834949943551,"X2",4
"76",0.333084308585661,"k2",0.323000524521298,"X2",4
"77",0.815055964233389,"k2",0.811437933603852,"X2",5
"78",0.289329737128564,"k2",0.309410142500399,"X2",5
"79",0.564685716157519,"k2",0.494449555591328,"X2",5
"80",0.678815114632635,"k2",0.697473895199295,"X2",5
"81",0.968685805796128,"k3",0.92935473639852,"X3",5
"82",1.12427340273905,"k3",1.10240502452039,"X3",5
"83",0.661425302698352,"k3",0.721601466736504,"X3",5
"84",0.600318519613097,"k3",0.654431603313496,"X3",5
"85",0.868200254159071,"k3",0.914042728685792,"X3",5
"86",1.3523805643811,"k3",1.52055091061031,"X3",5
"87",1.24444751323997,"k3",1.24689200262397,"X3",5
"88",0.718708903979305,"k3",0.758726505746461,"X3",5
"89",0.834267289151299,"k3",0.836559853385542,"X3",5
"90",0.512853590737812,"k3",0.498286718700799,"X3",5
"91",0.584232994585612,"k3",0.62287119087272,"X3",5
"92",0.487978761852233,"k3",0.483139478975466,"X3",5
"93",0.662398329002997,"k3",0.668921926096444,"X3",5
"94",0.814726600285212,"k3",0.796396392437625,"X3",5
"95",0.67115921842213,"k3",0.581363153659923,"X3",5
"96",0.338237616680571,"k3",0.401262489298724,"X3",6
"97",0.595505697689175,"k3",0.609238317010497,"X3",6
"98",0.634069090035415,"k3",0.650392761038428,"X3",6
"99",0.847005685891818,"k3",0.829502875129457,"X3",6
"100",0.735830394092754,"k3",0.795006732573943,"X3",6
"101",0.658132218372421,"k3",0.707746096933166,"X3",6
"102",0.223881187497072,"k3",0.153582249723329,"X3",6
"103",0.446441944587954,"k3",0.4254555457817,"X3",6
"104",0.784708875254838,"k3",0.791119833844967,"X3",6
"105",0.726191853342294,"k3",0.73438095495895,"X3",6
"106",0.794829450583433,"k3",0.773222410725989,"X3",6
"107",0.707007194177531,"k3",0.511298294287513,"X3",6
"108",0.625094080443788,"k3",0.567784167193813,"X3",6
"109",0.65061794923902,"k3",0.669183772352614,"X3",6
"110",0.710147421198184,"k3",0.725733502259569,"X3",6
"111",1.17275470206634,"k3",1.07243858549316,"X3",6
"112",0.69811945737168,"k3",0.672002825476782,"X3",6
"113",0.823649356111105,"k3",0.82815050703248,"X3",6
"114",0.811422376327883,"k3",0.749406866826924,"X3",6
"115",1.23983508716833,"k3",1.15862631304972,"X3",7
"116",0.67731110037391,"k3",0.694752469159522,"X3",7
"117",0.985404011584276,"k3",0.974709435035965,"X3",7
"118",0.314284629205802,"k3",0.353383545543404,"X3",7
"119",0.652941145822632,"k3",0.564783173411287,"X3",7
"120",0.82459110769712,"k3",0.822391552149991,"X3",7
"121",1.11110136601425,"k4",1.0934752221364,"X4",7
"122",1.20804474901841,"k4",1.29910220358058,"X4",7
"123",0.505648362134485,"k4",0.566282499346488,"X4",7
"124",0.621911061716768,"k4",0.702632019039005,"X4",7
"125",0.924189153199488,"k4",0.92743987071947,"X4",7
"126",1.35738786754292,"k4",1.35686565325684,"X4",7
"127",0.157707551145571,"k4",0.143887291522182,"X4",7
"128",0.834782036831962,"k4",0.797435557199534,"X4",7
"129",0.812367892560307,"k4",0.905410809116453,"X4",7
"130",0.432391408818728,"k4",0.438100266159676,"X4",7
"131",0.832606044644159,"k4",0.855700759800347,"X4",7
"132",0.692952338426569,"k4",0.693408868662885,"X4",7
"133",1.07961935295594,"k4",1.04504979237755,"X4",7
"134",0.900286722537697,"k4",0.827891696392741,"X4",8
"135",0.717634260144866,"k4",0.629263649856615,"X4",8
"136",0.329431414616785,"k4",0.411157773567582,"X4",8
"137",0.94919891367427,"k4",0.864947807026974,"X4",8
"138",0.837673069301782,"k4",0.834660410633772,"X4",8
"139",1.0240210344772,"k4",0.981219061425353,"X4",8
"140",0.927663452418799,"k4",0.845062646741267,"X4",8
"141",0.96914062915273,"k4",0.959083461373127,"X4",8
"142",0.31802167103858,"k4",0.283577166159192,"X4",8
"143",0.503980441213087,"k4",0.457642071177426,"X4",8
"144",0.800833592433803,"k4",0.821370363148309,"X4",8
"145",0.873501996211112,"k4",0.900010164031649,"X4",8
"146",0.717703007348927,"k4",0.586900833737338,"X4",8
"147",1.31349761022746,"k4",1.36041127515839,"X4",8
"148",0.728272209884379,"k4",0.669219604545008,"X4",8
"149",0.596784910850047,"k4",0.605245957175554,"X4",8
"150",1.22377410547033,"k4",1.22866174146846,"X4",8
"151",1.14427801165908,"k4",0.915893479952177,"X4",8
"152",0.654259845177246,"k4",0.628434221007717,"X4",8
"153",1.21588590566557,"k4",1.12820178401968,"X4",9
"154",0.88049653606196,"k4",0.8272643872892,"X4",9
"155",0.611720266139208,"k4",0.674973256120083,"X4",9
"156",0.730211735124511,"k4",0.7622511873048,"X4",9
"157",0.813324373259121,"k4",0.821420530151006,"X4",9
"158",0.395020574449175,"k4",0.410635242447106,"X4",9
"159",0.819560332625023,"k4",0.775830478629132,"X4",9
"160",0.818407352398335,"k4",0.846582597857738,"X4",9
"161",1.12176446666134,"k5",1.08200815574114,"X5",9
"162",1.10359315803436,"k5",1.23759551465666,"X5",9
"163",0.425570096022998,"k5",0.71030724971863,"X5",9
"164",0.651984961136217,"k5",0.707014036424235,"X5",9
"165",1.12695670216959,"k5",0.969584213051436,"X5",9
"166",1.14438426776683,"k5",1.02530138920588,"X5",9
"167",0.400608543697342,"k5",0.410050710005784,"X5",9
"168",0.846943497229443,"k5",0.83986337215258,"X5",9
"169",0.741698002870008,"k5",0.878422356769706,"X5",9
"170",0.138075011368816,"k5",0.132501244972165,"X5",9
"171",0.997924806570848,"k5",1.06103384732863,"X5",9
"172",0.67065021049565,"k5",0.679400141506289,"X5",10
"173",1.23942238421187,"k5",1.23477070787898,"X5",10
"174",1.13554283847303,"k5",1.11542428806585,"X5",10
"175",0.610541720210284,"k5",0.671938189243988,"X5",10
"176",0.664112885546827,"k5",0.630769316727766,"X5",10
"177",0.888483768270749,"k5",0.89049872169181,"X5",10
"178",1.30391373850789,"k5",1.28583383387744,"X5",10
"179",1.23747359989939,"k5",1.09862307959118,"X5",10
"180",0.850287566299199,"k5",0.771283256090628,"X5",10
"181",0.969460412730462,"k5",0.981925331386055,"X5",10
"182",0.0623502928384276,"k5",0.20878252918681,"X5",10
"183",0.653022848449628,"k5",0.575257366722798,"X5",10
"184",1.26795850332843,"k5",1.18056549834809,"X5",10
"185",1.08271281519653,"k5",1.0188148923046,"X5",10
"186",1.04009914047764,"k5",0.875554085697953,"X5",10
"187",1.26037541459564,"k5",1.31834984943101,"X5",10
"188",0.811473177830881,"k5",0.731232832618825,"X5",10
"189",0.788852240827831,"k5",0.729530518418909,"X5",10
"190",1.21921037915859,"k5",1.22898038214115,"X5",10
"191",1.23770123951826,"k5",1.086908946149,"X5",11
"192",0.749977476865274,"k5",0.733477420867367,"X5",11
"193",1.31616838025471,"k5",1.28207186129184,"X5",11
"194",0.863438884197821,"k5",0.816506198241502,"X5",11
"195",0.446173600788172,"k5",0.514585425550299,"X5",11
"196",0.852359172198454,"k5",0.892687605227931,"X5",11
"197",0.765611447489318,"k5",0.779323719508966,"X5",11
"198",0.847442623314349,"k5",0.778465573884531,"X5",11
"199",1.26373373554013,"k5",1.1119758191516,"X5",11
"200",1.26358648577867,"k5",1.27218344020323,"X5",11
"201",1.4017504285038,"k6",1.32962934537887,"X6",11
"202",1.13739853224314,"k6",1.26099866939784,"X6",11
"203",0.555095100823017,"k6",0.822520810108877,"X6",11
"204",0.714636411581135,"k6",0.755443671441228,"X6",11
"205",1.39470277395028,"k6",1.13967869486424,"X6",11
"206",1.63447793395323,"k6",1.65270061085052,"X6",11
"207",1.25657614556955,"k6",1.22720266660784,"X6",11
"208",1.18526582206426,"k6",1.19373985215563,"X6",11
"209",1.68253399762065,"k6",1.68210138185805,"X6",11
"210",0.628869021217171,"k6",0.619420520408937,"X6",12
"211",1.26380239893355,"k6",1.34805289431835,"X6",12
"212",1.19809695087805,"k6",1.20524789089195,"X6",12
"213",1.1961378561405,"k6",1.21086535236159,"X6",12
"214",1.0332787695211,"k6",1.029147746092,"X6",12
"215",0.956414192696434,"k6",1.01027692419635,"X6",12
"216",0.834930553400688,"k6",0.927836593174405,"X6",12
"217",1.276598221884,"k6",1.27158634233912,"X6",12
"218",1.30010091821464,"k6",1.31873824270343,"X6",12
"219",1.30369747833346,"k6",1.13164277946854,"X6",12
"220",0.731486381897333,"k6",0.717148890153435,"X6",12
"221",1.04991069280418,"k6",1.03440169778922,"X6",12
"222",1.59861163232634,"k6",1.35425099045218,"X6",12
"223",0.845779126509782,"k6",0.697433400756586,"X6",12
"224",1.58539217408544,"k6",1.44523291462775,"X6",12
"225",1.1808480392518,"k6",1.24999165687953,"X6",12
"226",1.12904791410908,"k6",1.26066337236582,"X6",12
"227",1.74569946898247,"k6",1.64093005624586,"X6",12
"228",1.24197939472706,"k6",1.1113320889481,"X6",12
"229",1.10675857872997,"k6",1.22358242981619,"X6",13
"230",1.40356460306103,"k6",1.43527549112136,"X6",13
"231",-0.443704561728931,"k6",0.340590581523427,"X6",13
"232",0.719798133211508,"k6",0.725531113787413,"X6",13
"233",1.29944695667569,"k6",1.29540046598937,"X6",13
"234",1.68933947367913,"k6",1.4897505111872,"X6",13
"235",0.51702806027853,"k6",0.849376947745013,"X6",13
"236",0.873824248677591,"k6",0.957366883430404,"X6",13
"237",0.83233820345225,"k6",0.777069589443773,"X6",13
"238",1.40763174564121,"k6",1.29880735438697,"X6",13
"239",1.42060779660151,"k6",1.29905449759786,"X6",13
"240",1.26155848849679,"k6",1.29408196923824,"X6",13
"241",1.8215127685028,"k7",1.80004827090102,"X7",13
"242",1.98482877792015,"k7",2.24038858093038,"X7",13
"243",1.31861431880449,"k7",1.56991747437168,"X7",13
"244",1.6910287928962,"k7",1.66010123112388,"X7",13
"245",2.30197699240281,"k7",2.07795590186095,"X7",13
"246",1.78929985528125,"k7",1.50155930272457,"X7",13
"247",1.32721412766202,"k7",1.28957311854285,"X7",13
"248",1.56314389713488,"k7",1.6364507420962,"X7",14
"249",1.72796964046773,"k7",1.71715905847679,"X7",14
"250",1.29817980687448,"k7",1.29590264806066,"X7",14
"251",1.81786537176016,"k7",1.5764893082069,"X7",14
"252",1.05564908096163,"k7",1.01927807397587,"X7",14
"253",1.8388692232555,"k7",2.19986975706037,"X7",14
"254",1.21208351353661,"k7",1.2240730680461,"X7",14
"255",1.17858966195296,"k7",1.19342842535437,"X7",14
"256",1.32285415582743,"k7",1.37118206705517,"X7",14
"257",2.00844063820736,"k7",1.98610316584075,"X7",14
"258",2.08567042521763,"k7",2.07324312299043,"X7",14
"259",1.44306142773342,"k7",1.13833809787319,"X7",14
"260",0.613121000141157,"k7",0.917886594856334,"X7",14
"261",1.55287929419175,"k7",1.65382619067963,"X7",14
"262",1.29186879384823,"k7",2.22533240929109,"X7",14
"263",0.67518865894185,"k7",0.865014397485458,"X7",14
"264",1.96622339202262,"k7",1.76860494294219,"X7",14
"265",1.53054825305807,"k7",1.61505393099109,"X7",14
"266",1.35630001202834,"k7",1.42781692959172,"X7",14
"267",1.58231377520832,"k7",1.46381000993904,"X7",15
"268",1.51143160101939,"k7",1.49840223365848,"X7",15
"269",1.74769440121121,"k7",1.81486840168701,"X7",15
"270",1.53398384991041,"k7",1.50604467292101,"X7",15
"271",-0.821142397260818,"k7",1.13144005316309,"X7",15
"272",1.23477526145346,"k7",1.50957372299873,"X7",15
"273",2.29574404644497,"k7",2.00348763546859,"X7",15
"274",1.85885208124986,"k7",1.60529643638823,"X7",15
"275",2.5995250947455,"k7",1.95316397166441,"X7",15
"276",1.00355801512262,"k7",1.14084302827128,"X7",15
"277",1.18352093236169,"k7",1.3609710550279,"X7",15
"278",1.63941314282902,"k7",1.44621965217564,"X7",15
"279",1.47119510764625,"k7",1.49440061663964,"X7",15
"280",1.47726163777261,"k7",1.44263390987055,"X7",15
"281",-0.231056086367644,"m1",-0.156371243467355,"X8",15
"282",-0.21727203977739,"m1",-0.230319181473589,"X8",15
"283",0.0295271348440393,"m1",0.0289371594814932,"X8",15
"284",0.0484847429525522,"m1",0.0776875104018668,"X8",15
"285",0.0708043001022998,"m1",0.053670357919191,"X8",15
"286",0.155849506835659,"m1",0.164078448931545,"X8",16
"287",0.413236356379918,"m1",0.401944495509022,"X8",16
"288",0.102876715157899,"m1",0.0885432853646575,"X8",16
"289",-0.0621178163278596,"m1",-0.109120510631306,"X8",16
"290",-0.0378916114336203,"m1",-0.043512164862638,"X8",16
"291",0.0870772563400871,"m1",0.0277204888558299,"X8",16
"292",0.0399339798402537,"m1",0.0303872661269463,"X8",16
"293",0.00991961460354381,"m1",0.00934107912502082,"X8",16
"294",-0.213733212032942,"m1",-0.204482520415654,"X8",16
"295",0.18100810326598,"m1",0.246154833299292,"X8",16
"296",-0.0111541197147705,"m1",-0.0275966504132408,"X8",16
"297",0.289636774016446,"m1",0.285667428063987,"X8",16
"298",0.226110848829427,"m1",0.264655825629443,"X8",16
"299",0.0203643948301981,"m1",0.0884559704460553,"X8",16
"300",0.0959745766394782,"m1",0.0853790998987085,"X8",16
"301",0.33781662390713,"m1",0.551160023736562,"X8",16
"302",0.289127200923072,"m1",0.394663902583614,"X8",16
"303",0.00828089236533649,"m1",0.00742334475497169,"X8",16
"304",-0.00461868199573803,"m1",0.000567300107070554,"X8",16
"305",0.0315197756353298,"m1",0.047414889589264,"X8",17
"306",-0.00273203843858609,"m1",0.000216355240877861,"X8",17
"307",0.0237123144579122,"m1",0.0924026873436865,"X8",17
"308",-0.0551526284776432,"m1",0.00253573539604286,"X8",17
"309",0.163380111215695,"m1",0.119077138718022,"X8",17
"310",0.257584490290957,"m1",0.262270997679158,"X8",17
"311",0.0108894741534971,"m1",0.100531700825745,"X8",17
"312",0.0160087641906883,"m1",0.0358144844969077,"X8",17
"313",0.0964247426532844,"m1",0.0509790250243916,"X8",17
"314",-0.0261975752570758,"m1",-0.0591168919782983,"X8",17
"315",-0.0722947144501447,"m1",-0.0564987882511736,"X8",17
"316",0.0349055559038269,"m1",0.0366080426012302,"X8",17
"317",-0.116930485937579,"m1",-0.103715906979127,"X8",17
"318",0.0581012115408051,"m1",0.0787077584895078,"X8",17
"319",-0.115537048608744,"m1",-0.0770756477977103,"X8",17
"320",0.109377052714879,"m1",0.105076893920601,"X8",17
"321",-0.502593702357552,"m2",-0.314683612056986,"X9",17
"322",-0.0255917645511466,"m2",-0.0791985069801482,"X9",17
"323",0.195287316542639,"m2",0.264616458186357,"X9",17
"324",0.0563331960249821,"m2",0.0955318569097189,"X9",18
"325",0.0876786060475915,"m2",0.0456334905232566,"X9",18
"326",0.258988878575494,"m2",0.18595595770767,"X9",18
"327",0.114651562149357,"m2",0.114105574968623,"X9",18
"328",-0.0387265402313992,"m2",-0.0323224772725403,"X9",18
"329",0.166355960671751,"m2",0.160633422600574,"X9",18
"330",-0.0328372052226317,"m2",0.0202242834115315,"X9",18
"331",0.360316303424244,"m2",0.25883479353328,"X9",18
"332",-0.177860463088178,"m2",-0.181646360549742,"X9",18
"333",-0.0152326771979482,"m2",0.0120033183470408,"X9",18
"334",-0.137374743461249,"m2",-0.11645834137818,"X9",18
"335",0.163471805442701,"m2",0.384287109791522,"X9",18
"336",0.1063887693498,"m2",0.0972476829112665,"X9",18
"337",0.251999271741323,"m2",0.263949936876723,"X9",18
"338",0.378275867728719,"m2",0.416743675019988,"X9",18
"339",-0.132484913494398,"m2",-0.113573899809029,"X9",18
"340",-0.05460343845274,"m2",-0.063560425636307,"X9",18
"341",0.127189248994354,"m2",0.181023305993089,"X9",18
"342",0.309370695977822,"m2",0.424714996990507,"X9",18
"343",0.0517038973415212,"m2",0.062518019202785,"X9",19
"344",0.0404589687711956,"m2",0.0669444732561907,"X9",19
"345",0.0617234091956199,"m2",0.0608985099848356,"X9",19
"346",-0.00654895331917601,"m2",-0.0114246861734303,"X9",19
"347",0.211950616652716,"m2",0.443169960908271,"X9",19
"348",-0.167764605837833,"m2",-0.115529227519049,"X9",19
"349",0.268698312000978,"m2",0.159186165041006,"X9",19
"350",0.265358590564412,"m2",0.271125725352703,"X9",19
"351",0.0383907874614182,"m2",0.104445094544749,"X9",19
"352",-0.0218313739286353,"m2",-0.00221587803758744,"X9",19
"353",0.0983424595929062,"m2",0.195170448803946,"X9",19
"354",-0.0808357992417277,"m2",-0.144404111223772,"X9",19
"355",-0.549974839021671,"m2",-0.63476673460484,"X9",19
"356",0.0787063337214211,"m2",0.0762202015259443,"X9",19
"357",-0.153298166168652,"m2",-0.150669284076798,"X9",19
"358",0.0771017535823806,"m2",0.108155330386499,"X9",19
"359",0.507595814887512,"m2",0.42276089929289,"X9",19
"360",-0.0502168420823213,"m2",-0.0434568013987512,"X9",19
"361",-0.384991670810201,"m3",-0.175447861730883,"X10",19
"362",0.0181042786551659,"m3",-0.00176604450920032,"X10",20
"363",0.196896992686478,"m3",0.26629964457582,"X10",20
"364",0.167232698486306,"m3",0.202845152787476,"X10",20
"365",0.0518061311460807,"m3",-0.0968863387571485,"X10",20
"366",-0.0689816728106676,"m3",-0.211140791802385,"X10",20
"367",-0.319441451533051,"m3",-0.320264756872207,"X10",20
"368",0.086479828000604,"m3",0.0560770717690521,"X10",20
"369",-0.127736249880412,"m3",-0.134076687403939,"X10",20
"370",0.228154265091496,"m3",0.211326483594133,"X10",20
"371",0.317991010731861,"m3",0.207637719170038,"X10",20
"372",0.033827405371866,"m3",0.0330182347344947,"X10",20
"373",0.0409759939307671,"m3",0.0539299357223657,"X10",20
"374",-0.0302444498062684,"m3",-0.0298634804125588,"X10",20
"375",-0.384516082831597,"m3",0.0498383801269464,"X10",20
"376",0.645190400234841,"m3",0.602220567142641,"X10",20
"377",0.411299236924143,"m3",0.356677417674097,"X10",20
"378",0.529281112129643,"m3",0.569577212284333,"X10",20
"379",0.076217163612576,"m3",0.133206902712375,"X10",20
"380",-0.0176107352689059,"m3",0.00173648684952921,"X10",20
"381",0.431873930043693,"m3",0.458180014016734,"X10",21
"382",0.391250632161565,"m3",0.509255824749117,"X10",21
"383",0.0386959336886387,"m3",0.056910118223841,"X10",21
"384",0.0623678884921752,"m3",0.0908529018547998,"X10",21
"385",0.267797787025336,"m3",0.291735913400501,"X10",21
"386",0.012416597544736,"m3",0.030613375956534,"X10",21
"387",0.556560852194975,"m3",0.82538260579547,"X10",21
"388",0.117947789389663,"m3",0.190428518687954,"X10",21
"389",0.123513422159888,"m3",0.0602646907440028,"X10",21
"390",0.190934563881064,"m3",0.227360390174996,"X10",21
"391",0.0955169663860522,"m3",0.165727865404127,"X10",21
"392",0.238843711023705,"m3",0.265453424582836,"X10",21
"393",-0.117199360293234,"m3",0.0368754967819161,"X10",21
"394",0.125027128368709,"m3",0.0933803377539055,"X10",21
"395",-0.436660341804342,"m3",-0.403658298379822,"X10",21
"396",0.234786904229763,"m3",0.14609667386386,"X10",21
"397",0.157746113915162,"m3",0.178858527381872,"X10",21
"398",0.12629261460319,"m3",0.149707437968011,"X10",21
"399",0.660956721052505,"m3",0.613953936349273,"X10",21
"400",-0.0454250446383899,"m3",-0.0132366596048524,"X10",22
"401",-0.340710685009225,"m4",-0.0802927513727012,"X11",22
"402",0.362056298482202,"m4",0.150708236141624,"X11",22
"403",0.739247162165501,"m4",0.969149882788706,"X11",22
"404",0.201598407021589,"m4",0.260132506342273,"X11",22
"405",0.0581590717215907,"m4",-0.0864516342843918,"X11",22
"406",0.238019496670419,"m4",0.310891206844275,"X11",22
"407",0.721793739293733,"m4",0.726306102100831,"X11",22
"408",0.38793352423744,"m4",0.400139272631086,"X11",22
"409",0.6339530557624,"m4",0.640546118025674,"X11",22
"410",0.457225272848538,"m4",0.431034911895397,"X11",22
"411",0.306686237631733,"m4",0.177017114421272,"X11",22
"412",0.211451727851152,"m4",0.278158056523209,"X11",22
"413",0.385066352241571,"m4",0.38266482059941,"X11",22
"414",0.769527013755152,"m4",0.754134747294956,"X11",22
"415",0.711991658632677,"m4",0.983659592789679,"X11",22
"416",0.80710233192026,"m4",0.744776819567257,"X11",22
"417",0.352283120456601,"m4",0.422503571999671,"X11",22
"418",0.641327304013471,"m4",0.692008553216629,"X11",22
"419",0.408393184549405,"m4",0.527947701845464,"X11",23
"420",1.22207805132198,"m4",1.12241609928766,"X11",23
"421",0.531745653622068,"m4",0.703663354822973,"X11",23
"422",0.811325072367315,"m4",1.05947090505994,"X11",23
"423",0.991427507637025,"m4",0.861266080005186,"X11",23
"424",0.513455770145788,"m4",0.532607746943985,"X11",23
"425",0.454298794238679,"m4",0.451556892181286,"X11",23
"426",0.411143795492324,"m4",0.701545447043257,"X11",23
"427",0.649044902985412,"m4",0.774859681401609,"X11",23
"428",0.699197228867692,"m4",0.952335197802957,"X11",23
"429",1.17706690714063,"m4",0.933367902189268,"X11",23
"430",0.629931611135062,"m4",0.655210947739259,"X11",23
"431",0.475538788457337,"m4",0.766540864514018,"X11",23
"432",0.664975411888921,"m4",0.715882649330747,"X11",23
"433",-0.292229498978157,"m4",-0.0418391812829492,"X11",23
"434",1.50480500121382,"m4",1.51323468427719,"X11",23
"435",0.622215878152178,"m4",0.51007343292884,"X11",23
"436",1.06081021619085,"m4",0.739405620898716,"X11",23
"437",0.404300486250883,"m4",0.468040671999251,"X11",23
"438",0.419573891764021,"m4",0.471286284519989,"X11",24
"439",1.14323505186948,"m4",0.944995768445599,"X11",24
"440",0.417568304835439,"m4",0.419493235448926,"X11",24
"441",0.658207122940589,"m5",0.662012371871257,"X12",24
"442",1.24083217375621,"m5",1.13268782552188,"X12",24
"443",1.28338566079073,"m5",1.05472980661992,"X12",24
"444",1.54238363085422,"m5",1.35515221568881,"X12",24
"445",1.64277565880598,"m5",1.67049107195907,"X12",24
"446",1.10470110386516,"m5",1.17533575093594,"X12",24
"447",1.14029184160091,"m5",1.15735418743945,"X12",24
"448",1.45483488071232,"m5",1.23705428087309,"X12",24
"449",1.33216729863385,"m5",1.35236920225715,"X12",24
"450",1.29512635188731,"m5",1.28683816407882,"X12",24
"451",0.833251105054987,"m5",0.782826094668772,"X12",24
"452",0.978070674775186,"m5",0.970277712545652,"X12",24
"453",0.820591803575875,"m5",0.782232687299424,"X12",24
"454",1.49605517184973,"m5",1.44220399802413,"X12",24
"455",2.47032549416276,"m5",1.69956944002487,"X12",24
"456",0.871827197014462,"m5",0.883623784820563,"X12",24
"457",1.52879336683028,"m5",1.29208263241603,"X12",25
"458",0.662137610483143,"m5",0.735375916951786,"X12",25
"459",0.673941657201791,"m5",0.940719653552932,"X12",25
"460",1.83465607382019,"m5",1.56814694938592,"X12",25
"461",0.805228207915209,"m5",0.839177761490511,"X12",25
"462",1.70436836523545,"m5",1.87914554917772,"X12",25
"463",0.976219452384838,"m5",0.955790198872123,"X12",25
"464",1.27930223420367,"m5",1.19658298937083,"X12",25
"465",1.28835546797241,"m5",1.28443446804445,"X12",25
"466",0.556418796615083,"m5",1.18211100941909,"X12",25
"467",0.837783845745775,"m5",0.975551469068841,"X12",25
"468",2.06607326078717,"m5",2.06760634428359,"X12",25
"469",1.72530724686421,"m5",1.62114230663251,"X12",25
"470",0.863108374124067,"m5",0.938821959580425,"X12",25
"471",0.550439429054134,"m5",0.80478424745338,"X12",25
"472",1.41645067620317,"m5",1.38446733619506,"X12",25
"473",1.23922340882205,"m5",1.26826859269392,"X12",25
"474",1.91802780423646,"m5",1.86042512052214,"X12",25
"475",0.866982982555971,"m5",0.776737434859514,"X12",25
"476",1.22570389100631,"m5",0.755795822949069,"X12",26
"477",1.3937812521247,"m5",1.34972752807958,"X12",26
"478",0.996809328760551,"m5",0.984458081043604,"X12",26
"479",1.33388671903531,"m5",1.12545403076295,"X12",26
"480",1.41732591340625,"m5",1.38103524778467,"X12",26
"481",1.99043163394404,"m6",1.98647668863198,"X13",26
"482",1.59353819188174,"m6",1.56717597054111,"X13",26
"483",1.94433894585363,"m6",1.84007986130388,"X13",26
"484",1.53632251806347,"m6",1.44671259572934,"X13",26
"485",1.790827043131,"m6",2.38388932109808,"X13",26
"486",1.25866938329081,"m6",1.12438258791313,"X13",26
"487",1.19734667869626,"m6",1.182666561398,"X13",26
"488",1.59006241263954,"m6",1.54879323994228,"X13",26
"489",1.01047334726668,"m6",1.07575580213562,"X13",26
"490",1.22021804890803,"m6",1.20363201938083,"X13",26
"491",1.4349200256561,"m6",1.42200913456193,"X13",26
"492",1.37717330512637,"m6",1.38367627720125,"X13",26
"493",1.70731315311539,"m6",1.59787545719982,"X13",26
"494",2.10650643815736,"m6",2.10636080259118,"X13",26
"495",2.82790426925294,"m6",2.09758504051782,"X13",27
"496",0.990668726926815,"m6",0.985162906810411,"X13",27
"497",1.54500860931559,"m6",1.67891242727664,"X13",27
"498",1.30571227135464,"m6",1.34470738204895,"X13",27
"499",1.1802354601949,"m6",1.62773885294278,"X13",27
"500",2.41347788988167,"m6",1.99562892735032,"X13",27
"501",0.759578609052601,"m6",0.795779060583679,"X13",27
"502",1.65316470483555,"m6",1.99103751172275,"X13",27
"503",1.04827849870484,"m6",1.42839905814969,"X13",27
"504",1.86427792001374,"m6",1.69612040347309,"X13",27
"505",1.96360486885666,"m6",1.5459183890558,"X13",27
"506",1.51841785974956,"m6",1.66838942301247,"X13",27
"507",0.489756010094717,"m6",0.875879241671375,"X13",27
"508",1.92744908543708,"m6",1.8301818545288,"X13",27
"509",2.17379389439344,"m6",1.61903628418605,"X13",27
"510",1.87590879457377,"m6",1.48020337135908,"X13",27
"511",2.81505723545101,"m6",2.0332500425405,"X13",27
"512",1.61331580542212,"m6",1.47949331051531,"X13",27
"513",1.85132513766639,"m6",1.7462660833753,"X13",27
"514",1.92678988093607,"m6",1.9065909529098,"X13",28
"515",2.07226710699068,"m6",1.65556911239969,"X13",28
"516",1.601660318143,"m6",0.933470889533701,"X13",28
"517",2.14507491514161,"m6",2.12877483027706,"X13",28
"518",1.70862203620446,"m6",1.68623465992579,"X13",28
"519",1.89858965210352,"m6",1.414056723286,"X13",28
"520",1.57458598826869,"m6",1.42732996937486,"X13",28
"521",2.29513261384669,"m7",1.98687942878636,"X14",28
"522",2.14098065899023,"m7",2.106398494508,"X14",28
"523",1.89986573520498,"m7",2.11107955191538,"X14",28
"524",1.44186346088475,"m7",1.70812534274387,"X14",28
"525",1.625037144544,"m7",2.17382817886564,"X14",28
"526",1.54194132947329,"m7",1.82463579252878,"X14",28
"527",1.19462878170189,"m7",1.18790514895627,"X14",28
"528",2.39319222186859,"m7",1.72459669650315,"X14",28
"529",1.0737782166508,"m7",1.12881197307539,"X14",28
"530",2.18340350866878,"m7",1.82691505803559,"X14",28
"531",1.01667753834698,"m7",1.29458135307042,"X14",28
"532",2.10065271936,"m7",2.07261224919292,"X14",28
"533",3.45046096582901,"m7",1.49970664575043,"X14",29
"534",2.3960493544557,"m7",2.30683256241922,"X14",29
"535",3.40880010769876,"m7",2.21469734502056,"X14",29
"536",1.13271460064639,"m7",1.00183399894064,"X14",29
"537",1.38096892146468,"m7",1.34836317139585,"X14",29
"538",1.17200608335918,"m7",1.16131651164678,"X14",29
"539",1.37652016844434,"m7",1.90159240064811,"X14",29
"540",3.21889697932747,"m7",2.14307161605257,"X14",29
"541",1.05073182489524,"m7",0.840033409998599,"X14",29
"542",3.55918034035368,"m7",2.28183410872613,"X14",29
"543",3.66300301619494,"m7",2.77032405539835,"X14",29
"544",2.54036037745826,"m7",2.22133487554478,"X14",29
"545",1.93820702511324,"m7",1.58229554532495,"X14",29
"546",1.51458800815483,"m7",1.83591459964191,"X14",29
"547",1.40351260178174,"m7",1.49473806195204,"X14",29
"548",2.58053505672462,"m7",1.79440644121839,"X14",29
"549",1.7317654088746,"m7",1.32971338630958,"X14",29
"550",2.50835256618931,"m7",2.11854119638272,"X14",29
"551",4.67623613796168,"m7",1.8820555215438,"X14",29
"552",2.42284199192276,"m7",1.788672913015,"X14",30
"553",1.65121263116248,"m7",1.90282085115417,"X14",30
"554",2.09145226448243,"m7",1.99308681459383,"X14",30
"555",1.0432744176535,"m7",1.18778077743381,"X14",30
"556",1.83666886181723,"m7",1.55716622859759,"X14",30
"557",2.05905150912593,"m7",1.96602450224714,"X14",30
"558",1.96389929039481,"m7",1.70948086109671,"X14",30
"559",2.45732805245969,"m7",1.72616654038397,"X14",30
"560",2.36666088105147,"m7",2.45569435281195,"X14",30
"561",1.29973801011391,"sigma1",1.69476973721288,"X15",30
"562",1.58351920660767,"sigma1",1.34584958474755,"X15",30
"563",2.31571001617866,"sigma1",2.16261325533702,"X15",30
"564",1.79855046923291,"sigma1",1.79309179635313,"X15",30
"565",1.47384559985169,"sigma1",1.2753977482572,"X15",30
"566",1.20766815070369,"sigma1",1.16664513123031,"X15",30
"567",1.38715056985793,"sigma1",1.39473145517467,"X15",30
"568",1.17858964289012,"sigma1",1.37235292415507,"X15",30
"569",1.34013469816911,"sigma1",1.24076381859311,"X15",30
"570",2.21439173808166,"sigma1",1.90727108895229,"X15",30
"571",1.29070591932813,"sigma1",1.17303402296166,"X15",31
"572",2.30676555257606,"sigma1",2.27743430815922,"X15",31
"573",1.88892450461759,"sigma1",2.02257526184053,"X15",31
"574",1.68433057463939,"sigma1",1.67919978199137,"X15",31
"575",0.786165564456578,"sigma1",0.944094237836525,"X15",31
"576",3.01672192331288,"sigma1",1.9038127796443,"X15",31
"577",1.22535972907229,"sigma1",1.23865137629155,"X15",31
"578",1.27903887278735,"sigma1",1.27873827810858,"X15",31
"579",1.33480788733721,"sigma1",1.26867781060225,"X15",31
"580",1.82385510918987,"sigma1",1.94024690580216,"X15",31
"581",1.06972928908216,"sigma1",0.995526681485494,"X15",31
"582",3.20266418553411,"sigma1",2.17432786284089,"X15",31
"583",1.96194686095887,"sigma1",1.91065426509585,"X15",31
"584",1.90761862594677,"sigma1",1.87179924946934,"X15",31
"585",1.82864172606648,"sigma1",1.84836502523452,"X15",31
"586",2.0659243575929,"sigma1",1.93730297834557,"X15",31
"587",1.04183636796773,"sigma1",1.09078676535534,"X15",31
"588",1.04018160925614,"sigma1",0.995351094595396,"X15",31
"589",1.19140065122289,"sigma1",1.23011341430884,"X15",31
"590",0.914269634631103,"sigma1",0.958078377325895,"X15",32
"591",1.85180971575421,"sigma1",1.51122120775324,"X15",32
"592",2.26613577450083,"sigma1",2.02358560654059,"X15",32
"593",1.14455908776809,"sigma1",1.38772581427066,"X15",32
"594",1.35057188025715,"sigma1",1.36865824887477,"X15",32
"595",1.21882185926846,"sigma1",1.23168303574637,"X15",32
"596",1.45268251293764,"sigma1",1.41803080429202,"X15",32
"597",1.7506413121586,"sigma1",1.77055791320235,"X15",32
"598",2.41915568672752,"sigma1",2.05330087019945,"X15",32
"599",1.29819221027522,"sigma1",1.38254541318173,"X15",32
"600",1.76551503983229,"sigma1",1.8097244336957,"X15",32
"601",1.11619322030993,"sigma2",1.46797664860954,"X16",32
"602",1.41640353748353,"sigma2",1.2441335515349,"X16",32
"603",1.95274162170986,"sigma2",1.88827132315655,"X16",32
"604",1.4797123002884,"sigma2",1.43603380152474,"X16",32
"605",1.06454094476482,"sigma2",0.889735843965574,"X16",32
"606",1.02312101994989,"sigma2",1.05044921880318,"X16",32
"607",1.15421877461259,"sigma2",1.13565526758013,"X16",32
"608",0.981336358607654,"sigma2",1.01911896408852,"X16",32
"609",1.07990084181998,"sigma2",0.952157748465838,"X16",33
"610",1.74642123147476,"sigma2",1.77017881194491,"X16",33
"611",1.11965783834483,"sigma2",1.12917291517585,"X16",33
"612",1.72830757883556,"sigma2",1.74214040686307,"X16",33
"613",1.00370688649512,"sigma2",0.97017425587962,"X16",33
"614",1.34006934937243,"sigma2",1.5247665712283,"X16",33
"615",0.457498478418236,"sigma2",0.514686848635752,"X16",33
"616",1.72184219721746,"sigma2",1.55032030955289,"X16",33
"617",0.505079560290954,"sigma2",0.571782881805891,"X16",33
"618",1.2718741377257,"sigma2",1.23432501286097,"X16",33
"619",0.923469669756463,"sigma2",0.811975248678213,"X16",33
"620",1.68762995690678,"sigma2",1.54663102959339,"X16",33
"621",1.06972601028063,"sigma2",0.974990201270461,"X16",33
"622",1.73348174829632,"sigma2",1.37760948430714,"X16",33
"623",0.818717934185264,"sigma2",0.8568850238026,"X16",33
"624",1.90761839898095,"sigma2",1.86767088219689,"X16",33
"625",1.7166952506689,"sigma2",1.5642477014459,"X16",33
"626",1.85583883284479,"sigma2",1.66331273091499,"X16",33
"627",1.04178989335038,"sigma2",0.989462107716496,"X16",33
"628",1.0401778207916,"sigma2",0.931756160024158,"X16",34
"629",0.676644456794984,"sigma2",0.705226428415521,"X16",34
"630",0.914216777216161,"sigma2",0.918232891475496,"X16",34
"631",1.11310398172268,"sigma2",1.24072815493578,"X16",34
"632",1.81953415534268,"sigma2",1.74186350991542,"X16",34
"633",0.687847981919664,"sigma2",0.743713087660909,"X16",34
"634",1.34065789210616,"sigma2",1.25988818570459,"X16",34
"635",1.21882185233957,"sigma2",1.20849234310967,"X16",34
"636",0.568470650806524,"sigma2",0.58421812245863,"X16",34
"637",1.7506295624278,"sigma2",1.74458124744156,"X16",34
"638",1.00318333755385,"sigma2",1.08156608549862,"X16",34
"639",1.01865907565195,"sigma2",1.11552415835905,"X16",34
"640",1.76480064305495,"sigma2",1.5743525039979,"X16",34
"641",0.704577929348443,"sigma3",0.781339631656273,"X17",34
"642",0.695517497363325,"sigma3",0.595387836537957,"X17",34
"643",0.836108439066521,"sigma3",0.828094457042615,"X17",34
"644",0.535059793647717,"sigma3",0.445734043176133,"X17",34
"645",0.817221991987431,"sigma3",0.80211980557832,"X17",34
"646",0.676586612874333,"sigma3",0.731790583230152,"X17",34
"647",1.11787690169819,"sigma3",1.09365041596355,"X17",35
"648",0.645837723378903,"sigma3",0.578506085569106,"X17",35
"649",0.842325863463195,"sigma3",0.794787956602369,"X17",35
"650",0.830408914794826,"sigma3",0.765671132075361,"X17",35
"651",0.674428623823523,"sigma3",0.702909908972532,"X17",35
"652",1.61543929973217,"sigma3",1.60647450701965,"X17",35
"653",0.53462497527101,"sigma3",0.520184277626898,"X17",35
"654",0.50255337426975,"sigma3",0.570637458510987,"X17",35
"655",0.451523489224843,"sigma3",0.398738481465961,"X17",35
"656",0.724713975344153,"sigma3",0.814505148918412,"X17",35
"657",0.390855224012897,"sigma3",0.45505663960213,"X17",35
"658",1.07468525676811,"sigma3",1.04884810493289,"X17",35
"659",0.696454022979429,"sigma3",0.689279159729098,"X17",35
"660",0.724954875520948,"sigma3",0.839772002005372,"X17",35
"661",0.80808874467098,"sigma3",0.672260711191122,"X17",35
"662",1.13578517644861,"sigma3",1.06480249023794,"X17",35
"663",0.716528004604596,"sigma3",0.677847085477244,"X17",35
"664",0.709643949075682,"sigma3",0.81705318330122,"X17",35
"665",1.37878005624916,"sigma3",1.40335456542026,"X17",35
"666",1.28261496167139,"sigma3",1.17982987090208,"X17",36
"667",0.63794799236184,"sigma3",0.615180208950588,"X17",36
"668",0.554190134351453,"sigma3",0.527445756728734,"X17",36
"669",0.436774055596243,"sigma3",0.454559247355481,"X17",36
"670",0.541577789854274,"sigma3",0.577133932745497,"X17",36
"671",0.988655071417941,"sigma3",1.07757421410368,"X17",36
"672",1.30454503462765,"sigma3",1.29102442981978,"X17",36
"673",0.687846558704292,"sigma3",0.63931200542873,"X17",36
"674",0.947474465559128,"sigma3",1.01555858494293,"X17",36
"675",1.15958167212362,"sigma3",1.11420175808871,"X17",36
"676",0.327747815722761,"sigma3",0.403267530026162,"X17",36
"677",1.64000322160656,"sigma3",1.40335418055163,"X17",36
"678",0.537528114108608,"sigma3",0.521032770644064,"X17",36
"679",0.616499397045104,"sigma3",0.623144850960782,"X17",36
"680",1.23630616232358,"sigma3",1.30783122746181,"X17",36
"681",0.100491558316911,"sigma4",0.0989344593326688,"X18",36
"682",0.389537529523026,"sigma4",0.383079292020126,"X18",36
"683",0.78093497652662,"sigma4",0.752914506372712,"X18",36
"684",0.348852324814058,"sigma4",0.371351482379871,"X18",36
"685",0.388252777471427,"sigma4",0.366543436421157,"X18",37
"686",0.676584707740235,"sigma4",0.708393242885278,"X18",37
"687",1.06725179144974,"sigma4",1.07057058487106,"X18",37
"688",0.0596996228528995,"sigma4",0.059132190036795,"X18",37
"689",0.3305937668153,"sigma4",0.364474998940021,"X18",37
"690",0.499565019146407,"sigma4",0.506972288077941,"X18",37
"691",0.104550729632272,"sigma4",0.118944895798503,"X18",37
"692",0.500547766891511,"sigma4",0.517027312053225,"X18",37
"693",0.483032724683833,"sigma4",0.506952341012524,"X18",37
"694",0.473618387118379,"sigma4",0.427058021140762,"X18",37
"695",0.329465999233738,"sigma4",0.302049071470833,"X18",37
"696",0.329549135801998,"sigma4",0.286263551962496,"X18",37
"697",0.225343383794263,"sigma4",0.213747546982019,"X18",37
"698",0.109616336285315,"sigma4",0.108009784179236,"X18",37
"699",0.577203310321817,"sigma4",0.633834227838573,"X18",37
"700",0.414942444106052,"sigma4",0.502023373762426,"X18",37
"701",0.430777322039965,"sigma4",0.436817322218875,"X18",37
"702",0.758881858302674,"sigma4",0.755347261504699,"X18",37
"703",0.606696807431025,"sigma4",0.651127164078902,"X18",37
"704",0.311789659912797,"sigma4",0.24605690602583,"X18",38
"705",0.494335444620594,"sigma4",0.557994991411004,"X18",38
"706",0.900403479470555,"sigma4",0.83705294242822,"X18",38
"707",0.425285077964869,"sigma4",0.505848489392107,"X18",38
"708",0.222377018125029,"sigma4",0.20724163877564,"X18",38
"709",0.372490210947819,"sigma4",0.410125854490522,"X18",38
"710",0.251129573739633,"sigma4",0.271907904832362,"X18",38
"711",0.888543844690761,"sigma4",0.814877926050426,"X18",38
"712",0.501893049321965,"sigma4",0.454032025022037,"X18",38
"713",0.221888170485273,"sigma4",0.201429467572931,"X18",38
"714",0.161567398457459,"sigma4",0.244250829600897,"X18",38
"715",0.94369542039326,"sigma4",0.974355386529912,"X18",38
"716",0.192953132865617,"sigma4",0.232506202674631,"X18",38
"717",0.83412937352313,"sigma4",0.750830279410684,"X18",38
"718",0.20847853262645,"sigma4",0.317644179212965,"X18",38
"719",0.616496024547147,"sigma4",0.527590248904305,"X18",38
"720",0.047411927284013,"sigma4",0.0490756880187022,"X18",38
"721",1.58225397159184,"exp",1.46942795102322,"X19",38
"722",1.28648282724686,"exp",1.80454891919754,"X19",38
"723",3.38361515991663,"exp",3.15797146776366,"X19",39
"724",3.97916293202701,"exp",3.53753591843819,"X19",39
"725",3.39281332517074,"exp",2.44752922608245,"X19",39
"726",2.77812628199894,"exp",2.01963593613781,"X19",39
"727",1.70481503911115,"exp",1.69734760875466,"X19",39
"728",3.79422569527287,"exp",3.00668527370977,"X19",39
"729",1.49595881018718,"exp",1.98571542125246,"X19",39
"730",1.50751910302291,"exp",1.51550339290129,"X19",39
"731",1.10197316879261,"exp",1.07002576324831,"X19",39
"732",1.20668379704544,"exp",1.19840778101414,"X19",39
"733",3.05686862674547,"exp",3.04392177088605,"X19",39
"734",2.39057861808513,"exp",2.394058199901,"X19",39
"735",2.3567354429758,"exp",1.98258473690161,"X19",39
"736",1.53398735019501,"exp",1.87000329584884,"X19",39
"737",1.62660609220555,"exp",1.51627412503464,"X19",39
"738",2.31958200723539,"exp",2.43326016353715,"X19",39
"739",2.70082978323436,"exp",2.49682445400656,"X19",39
"740",1.8002525629185,"exp",1.81718986536085,"X19",39
"741",2.53489008325246,"exp",2.11593501826724,"X19",39
"742",2.92184495357309,"exp",3.76705281608686,"X19",40
"743",3.38593562678679,"exp",3.5549933028869,"X19",40
"744",4.0679755843912,"exp",3.74048276007237,"X19",40
"745",3.37063383528511,"exp",3.28965410335325,"X19",40
"746",5.44910480885054,"exp",4.39079387412984,"X19",40
"747",1.48181035233148,"exp",1.30564435600591,"X19",40
"748",2.45704382947366,"exp",1.98401755673555,"X19",40
"749",2.1215573919391,"exp",2.27601763388841,"X19",40
"750",2.84265412935645,"exp",2.63825632623096,"X19",40
"751",2.15657688734973,"exp",1.93031628627041,"X19",40
"752",2.72037526377902,"exp",2.84723101919352,"X19",40
"753",1.36139855077339,"exp",1.54868414902569,"X19",40
"754",1.7485258079965,"exp",1.77192875228585,"X19",40
"755",2.29260810716742,"exp",2.08101396124645,"X19",40
"756",2.10744892896866,"exp",2.70137351786151,"X19",40
"757",1.98284082890964,"exp",2.01173831547976,"X19",40
"758",2.86970454719494,"exp",2.90673072370105,"X19",40
"759",3.8284290554273,"exp",3.37074212284285,"X19",40
"760",1.41512014008156,"exp",1.29435150122544,"X19",40
